Geography,Newfoundland and Labrador,Newfoundland and Labrador,Newfoundland and Labrador,Newfoundland and Labrador,Newfoundland and Labrador,Newfoundland and Labrador,Newfoundland and Labrador,Newfoundland and Labrador,Newfoundland and Labrador,Newfoundland and Labrador,Newfoundland and Labrador,Newfoundland and Labrador,Newfoundland and Labrador,Newfoundland and Labrador,Newfoundland and Labrador,Newfoundland and Labrador,Newfoundland and Labrador,Newfoundland and Labrador,Newfoundland and Labrador,Newfoundland and Labrador,Newfoundland and Labrador,Newfoundland and Labrador,,Prince Edward Island,Prince Edward Island,Prince Edward Island,Prince Edward Island,Prince Edward Island,Prince Edward Island,Prince Edward Island,Prince Edward Island,Prince Edward Island,Prince Edward Island,Prince Edward Island,Prince Edward Island,Prince Edward Island,Prince Edward Island,Prince Edward Island,Prince Edward Island,Prince Edward Island,Prince Edward Island,Prince Edward Island,Prince Edward Island,Prince Edward Island,Prince Edward Island,Nova Scotia,Nova Scotia,Nova Scotia,Nova Scotia,Nova Scotia,Nova Scotia,Nova Scotia,Nova Scotia,Nova Scotia,Nova Scotia,Nova Scotia,Nova Scotia,Nova Scotia,Nova Scotia,Nova Scotia,Nova Scotia,Nova Scotia,Nova Scotia,Nova Scotia,Nova Scotia,Nova Scotia,Nova Scotia,,New Brunswick,New Brunswick,New Brunswick,New Brunswick,New Brunswick,New Brunswick,New Brunswick,New Brunswick,New Brunswick,New Brunswick,New Brunswick,New Brunswick,New Brunswick,New Brunswick,New Brunswick,New Brunswick,New Brunswick,New Brunswick,New Brunswick,New Brunswick,New Brunswick,New Brunswick,,Quebec,Quebec,Quebec,Quebec,Quebec,Quebec,Quebec,Quebec,Quebec,Quebec,Quebec,Quebec,Quebec,Quebec,Quebec,Quebec,Quebec,Quebec,Quebec,Quebec,Quebec,Quebec,,Ontario,Ontario,Ontario,Ontario,Ontario,Ontario,Ontario,Ontario,Ontario,Ontario,Ontario,Ontario,Ontario,Ontario,Ontario,Ontario,Ontario,Ontario,Ontario,Ontario,Ontario,Ontario,,Manitoba,Manitoba,Manitoba,Manitoba,Manitoba,Manitoba,Manitoba,Manitoba,Manitoba,Manitoba,Manitoba,Manitoba,Manitoba,Manitoba,Manitoba,Manitoba,Manitoba,Manitoba,Manitoba,Manitoba,Manitoba,Manitoba,,Saskatchewan,Saskatchewan,Saskatchewan,Saskatchewan,Saskatchewan,Saskatchewan,Saskatchewan,Saskatchewan,Saskatchewan,Saskatchewan,Saskatchewan,Saskatchewan,Saskatchewan,Saskatchewan,Saskatchewan,Saskatchewan,Saskatchewan,Saskatchewan,Saskatchewan,Saskatchewan,Saskatchewan,Saskatchewan,,Alberta,Alberta,Alberta,Alberta,Alberta,Alberta,Alberta,Alberta,Alberta,Alberta,Alberta,Alberta,Alberta,Alberta,Alberta,Alberta,Alberta,Alberta,Alberta,Alberta,Alberta,Alberta,,British Columbia,British Columbia,British Columbia,British Columbia,British Columbia,British Columbia,British Columbia,British Columbia,British Columbia,British Columbia,British Columbia,British Columbia,British Columbia,British Columbia,British Columbia,British Columbia,British Columbia,British Columbia,British Columbia,British Columbia,British Columbia,British Columbia
Age group,15 years and over,15 to 24 years,25 years and over,25 to 44 years,45 to 64 years,45 years and over,25 to 54 years,55 years and over,15 to 64 years,15 to 19 years,20 to 24 years,25 to 29 years,30 to 34 years,35 to 39 years,40 to 44 years,45 to 49 years,50 to 54 years,55 to 59 years,60 to 64 years,65 years and over,65 to 69 years,70 years and over,,15 years and over,15 to 24 years,25 years and over,25 to 44 years,45 to 64 years,45 years and over,25 to 54 years,55 years and over,15 to 64 years,15 to 19 years,20 to 24 years,25 to 29 years,30 to 34 years,35 to 39 years,40 to 44 years,45 to 49 years,50 to 54 years,55 to 59 years,60 to 64 years,65 years and over,65 to 69 years,70 years and over,15 years and over,15 to 24 years,25 years and over,25 to 44 years,45 to 64 years,45 years and over,25 to 54 years,55 years and over,15 to 64 years,15 to 19 years,20 to 24 years,25 to 29 years,30 to 34 years,35 to 39 years,40 to 44 years,45 to 49 years,50 to 54 years,55 to 59 years,60 to 64 years,65 years and over,65 to 69 years,70 years and over,,15 years and over,15 to 24 years,25 years and over,25 to 44 years,45 to 64 years,45 years and over,25 to 54 years,55 years and over,15 to 64 years,15 to 19 years,20 to 24 years,25 to 29 years,30 to 34 years,35 to 39 years,40 to 44 years,45 to 49 years,50 to 54 years,55 to 59 years,60 to 64 years,65 years and over,65 to 69 years,70 years and over,,15 years and over,15 to 24 years,25 years and over,25 to 44 years,45 to 64 years,45 years and over,25 to 54 years,55 years and over,15 to 64 years,15 to 19 years,20 to 24 years,25 to 29 years,30 to 34 years,35 to 39 years,40 to 44 years,45 to 49 years,50 to 54 years,55 to 59 years,60 to 64 years,65 years and over,65 to 69 years,70 years and over,,15 years and over,15 to 24 years,25 years and over,25 to 44 years,45 to 64 years,45 years and over,25 to 54 years,55 years and over,15 to 64 years,15 to 19 years,20 to 24 years,25 to 29 years,30 to 34 years,35 to 39 years,40 to 44 years,45 to 49 years,50 to 54 years,55 to 59 years,60 to 64 years,65 years and over,65 to 69 years,70 years and over,,15 years and over,15 to 24 years,25 years and over,25 to 44 years,45 to 64 years,45 years and over,25 to 54 years,55 years and over,15 to 64 years,15 to 19 years,20 to 24 years,25 to 29 years,30 to 34 years,35 to 39 years,40 to 44 years,45 to 49 years,50 to 54 years,55 to 59 years,60 to 64 years,65 years and over,65 to 69 years,70 years and over,,15 years and over,15 to 24 years,25 years and over,25 to 44 years,45 to 64 years,45 years and over,25 to 54 years,55 years and over,15 to 64 years,15 to 19 years,20 to 24 years,25 to 29 years,30 to 34 years,35 to 39 years,40 to 44 years,45 to 49 years,50 to 54 years,55 to 59 years,60 to 64 years,65 years and over,65 to 69 years,70 years and over,,15 years and over,15 to 24 years,25 years and over,25 to 44 years,45 to 64 years,45 years and over,25 to 54 years,55 years and over,15 to 64 years,15 to 19 years,20 to 24 years,25 to 29 years,30 to 34 years,35 to 39 years,40 to 44 years,45 to 49 years,50 to 54 years,55 to 59 years,60 to 64 years,65 years and over,65 to 69 years,70 years and over,,15 years and over,15 to 24 years,25 years and over,25 to 44 years,45 to 64 years,45 years and over,25 to 54 years,55 years and over,15 to 64 years,15 to 19 years,20 to 24 years,25 to 29 years,30 to 34 years,35 to 39 years,40 to 44 years,45 to 49 years,50 to 54 years,55 to 59 years,60 to 64 years,65 years and over,65 to 69 years,70 years and over
1976,158.8,45.7,113.1,75.3,36.5,37.8,98.2,14.9,157.4,16.8,28.9,25.6,20.4,15.4,13.9,13.2,9.8,8,5.5,1.4,1,,,43,12.2,30.8,18.2,11.3,12.6,24.5,6.4,41.7,5.7,6.4,6.4,4.6,3.4,3.9,3,3.2,2.8,2.2,1.2,0.7,0.6,297.9,79.7,218.2,130.1,82.2,88.1,178.3,39.9,292,30.8,48.9,44.3,33.7,26.6,25.5,24.7,23.4,20.5,13.6,5.9,3.9,2,,231.1,64.7,166.4,102.9,60.4,63.5,139.3,27.1,228,24.7,40,36.2,26.5,21.1,19,18.3,18.1,14.2,9.8,3.1,2,1.1,,2543.4,661.1,1882.2,1204.4,641.6,677.9,1616,266.3,2507.1,238.7,422.4,389.3,324.8,247.9,242.4,218,193.6,140.5,89.5,36.3,23.9,12.4,,3740.7,924.5,2816.3,1697.5,1050.4,1118.8,2363.2,453.1,3672.4,368.4,556,537,436.1,375.9,348.5,347.4,318.2,232.7,152,68.4,43.9,24.4,,434.4,118.3,316.2,182.2,126,134,256.8,59.3,426.5,47.6,70.7,60.7,46.3,38.9,36.3,36.8,37.9,29.8,21.6,7.9,5.1,2.8,,382.3,108.7,273.6,145.2,116.1,128.4,213.2,60.4,369.9,48.7,60,45.3,34.3,33.5,32,33.9,34.2,27.9,20.2,12.4,8.1,4.3,,854.9,250.8,604.1,374.7,212.8,229.4,509.3,94.8,838.3,108.3,142.6,123.1,95.9,77.6,78,71.8,62.8,47.2,31,16.6,11,5.6,,1061,268,793,491.1,286.7,301.9,673,120,1045.7,108.9,159,159.3,130.2,107.4,94.2,94.7,87.2,66.2,38.5,15.2,9.1,6.1
1977,160.8,45.6,115.3,78.8,35.2,36.5,100.9,14.4,159.6,16.8,28.8,26,21.8,16.2,14.7,12.3,9.8,8.1,5.1,1.3,0.8,,,43.6,12.3,31.2,18.9,11.1,12.3,25.3,5.9,42.4,5.5,6.8,6.2,5,3.9,3.9,3,3.3,2.7,2,1.2,0.7,0.5,298.3,79.9,218.4,133.6,79.8,84.8,179.8,38.6,293.2,30.6,49.3,44.3,36.3,27.7,25.3,24.6,21.6,20.5,13.1,5,3,2,,228.3,62.2,166,103.6,58.7,62.4,138.8,27.2,224.6,22.3,40,35.8,28.1,21.8,18.1,17.6,17.5,14.3,9.3,3.6,2.6,1,,2556,650.3,1905.7,1230.3,638.2,675.4,1644.8,260.9,2518.8,230.6,419.8,386.9,341.2,266.8,235.4,219.8,194.7,140.2,83.5,37.2,25.6,11.6,,3803.8,943.4,2860.5,1749.5,1049.1,1111,2406.2,454.3,3742,375.6,567.8,540.6,472.4,377.3,359.2,338.8,318,243.1,149.2,61.9,42.4,19.5,,438.2,118.1,320.1,186.4,124.7,133.7,259.9,60.1,429.2,48.8,69.3,60.1,49.8,39.2,37.3,37.2,36.4,31,20.2,9,5.8,3.2,,395.4,110.8,284.6,155.1,116.8,129.5,222.7,62,382.7,48.2,62.6,48,39.6,33.7,33.9,32.7,34.9,28.1,21.1,12.6,8,4.6,,903.7,271.4,632.2,401.8,216.9,230.4,540.2,92,890.1,114.5,156.9,131.1,106.9,83.6,80.2,76.4,62,48.8,29.6,13.6,8.9,4.7,,1089.1,277.2,812,508.8,287.2,303.1,688.6,123.4,1073.2,111.4,165.8,160.4,136.2,108.2,104.1,95.7,84,68.1,39.4,15.9,10.5,5.4
1978,166.1,47,119.1,82,36.1,37.1,104.4,14.7,165.1,17.2,29.8,27.2,22.9,16,15.8,11.5,10.8,8.7,5,1,0.7,,,44.8,12.3,32.6,20.2,11.2,12.4,26.8,5.8,43.7,5.4,6.9,6.4,5.6,4.3,3.9,3.7,3,2.6,2,1.2,0.6,0.6,306,81.2,224.8,140.3,78.8,84.6,187.9,36.9,300.2,31.4,49.7,45.4,39,29.3,26.6,25,22.6,18.5,12.7,5.8,3.5,2.2,,239.3,64.6,174.6,112.3,58.7,62.3,147.9,26.7,235.6,23,41.6,36.7,31.4,23.5,20.6,18.9,16.8,14,9.1,3.6,2.6,1.1,,2596.1,659.2,1936.9,1259.9,640.6,677,1668.6,268.3,2559.7,226,433.2,398,351.3,281.1,229.6,218.4,190.2,143.4,88.5,36.4,21.8,14.6,,3923.6,967.9,2955.7,1823.9,1068.1,1131.9,2496.5,459.2,3859.9,388.8,579.1,550.7,507.4,400,365.8,351.4,321.2,250.1,145.4,63.7,40.6,23.2,,444.4,118,326.5,192.5,124,133.9,265,61.5,434.6,48.4,69.5,61.6,52.3,41.2,37.4,35.2,37.2,32.2,19.4,9.9,6.1,3.7,,403.2,110.9,292.3,160.6,118.1,131.7,229.2,63.1,389.6,47.9,63,51,41.6,34.9,33.2,34.8,33.8,29.2,20.2,13.6,8.7,5,,959.2,287.3,671.9,434.4,223.4,237.4,576.8,95.1,945.1,118.7,168.6,144.4,116.9,92.6,80.7,76.7,65.6,50.8,30.2,14,9.2,4.8,,1137.5,287.4,850.1,540.4,296,309.7,726,124.2,1123.8,116.6,170.8,168,148.2,119.5,104.7,98.8,86.8,70.1,40.3,13.7,9,4.7
1979,176.7,48.2,128.5,89.5,37.6,39,113.6,15,175.3,17.9,30.3,29.4,25.9,18,16.2,12.2,11.9,8.4,5.1,1.4,1.1,,,46.4,12.9,33.5,20.9,11.4,12.7,27.6,5.9,45.2,5.7,7.2,6.3,6.3,4.5,3.8,3.7,3.1,2.9,1.8,1.2,0.8,0.5,317.3,82.6,234.6,148.9,80.3,85.8,195.5,39.1,311.8,32.2,50.5,47.3,42.4,31.7,27.4,24.2,22.5,20.8,12.8,5.5,3.9,1.6,,250.1,67.6,182.5,117.9,60.9,64.7,153.6,29,246.3,25.4,42.2,38.4,33.4,26,20.1,19,16.7,15.5,9.7,3.8,2.7,1.2,,2692,685.6,2006.4,1313.2,658.5,693.2,1732.9,273.6,2657.4,240.7,444.8,406.5,368.5,295.9,242.3,217.2,202.5,149.8,89,34.7,23.6,11.1,,4092.8,1024.2,3068.6,1895.1,1106.2,1173.4,2576,492.6,4025.6,425.3,599,570,528.1,432.2,364.8,352.6,328.3,265.4,159.9,67.2,45.8,21.4,,454.6,121.4,333.2,199,124.2,134.3,271.9,61.3,444.6,51.8,69.6,63,55.5,43,37.5,37.3,35.6,31.6,19.7,10,6.1,4,,416.1,116.3,299.8,171.1,116.6,128.6,239,60.8,404,50.9,65.4,56,45,35.8,34.3,33.2,34.7,29,19.7,12.1,7.6,4.5,,1033.9,312.1,721.8,476.5,230.7,245.3,623.4,98.4,1019.3,127.7,184.4,158.2,129.3,97.9,91,79.3,67.6,52.2,31.6,14.6,9.4,5.2,,1188.6,304,884.6,568.4,299.2,316.1,754.6,130,1171.6,122.2,181.8,171.5,159.7,128.6,108.7,96.5,89.6,74,39.1,16.9,11.9,5
1980,182.6,48.3,134.4,94,39.2,40.4,118.9,15.4,181.4,18.1,30.2,30.3,27.4,19.2,17,13.9,11.1,8.8,5.4,1.2,0.8,,,47.8,12.8,34.9,21.8,11.8,13.1,28.8,6.1,46.5,5.9,6.9,6.4,6.5,4.8,4,3.6,3.4,2.8,2,1.3,0.7,0.6,324.4,85.1,239.3,155.8,78.5,83.4,203.2,36.1,319.5,33.6,51.5,48.9,45,33.8,28.1,25.1,22.2,18.7,12.5,4.9,3.3,1.6,,253.9,66.2,187.7,123.3,60.5,64.5,159.7,28.1,250,26.3,39.9,38.7,35.6,27,21.9,19.4,17,15.1,9,4,2.7,1.3,,2756.2,693.8,2062.4,1357.2,670.5,705.2,1779.6,282.8,2721.5,242.6,451.2,415.5,382.6,309.8,249.2,227.2,195.2,156.5,91.7,34.7,24.2,10.5,,4165.1,1035.3,3129.9,1955.9,1109.5,1174,2644.6,485.2,4100.6,421.8,613.4,582.8,549.4,439.3,384.4,355.6,333.1,269,151.8,64.5,42.1,22.4,,462,121.9,340.1,206.2,123.9,134,276.7,63.4,452,51.5,70.4,64.2,57.8,45.7,38.4,35.3,35.3,32.8,20.5,10,6.7,3.3,,423.2,117.9,305.2,176.9,115.3,128.3,243,62.2,410.1,51.2,66.8,57.9,47,36.9,35.2,33.4,32.8,28.5,20.6,13,8.2,4.8,,1102.5,332.5,770,519.6,236.7,250.4,671.9,98,1088.7,130.9,201.6,173.2,143.7,108.3,94.4,81.1,71.3,54.3,30,13.7,9.1,4.6,,1266.4,322.4,944,611.2,313.5,332.9,803.2,140.9,1247.1,130.9,191.6,186,172.2,140.3,112.6,104.8,87.2,78.6,42.9,19.4,13.4,6
1981,186.1,47.3,138.8,97.6,39.8,41.2,123,15.8,184.7,17.4,29.9,30.5,28.5,22.5,16.2,12.9,12.5,8.5,5.9,1.4,0.9,,,47.1,11.9,35.2,22.5,11.5,12.7,29.6,5.7,45.9,5.3,6.6,6.5,6.7,4.9,4.5,3.7,3.3,2.7,1.7,1.2,0.8,0.4,328.3,84,244.3,160.7,78.7,83.5,209.2,35.1,323.5,34,50,50.2,46.1,33.6,30.9,24.7,23.8,18.4,11.8,4.8,3,1.8,,257.7,65.4,192.3,128,60.2,64.3,164.8,27.5,253.7,25.9,39.5,39,37,28.7,23.3,19.5,17.2,14.3,9.2,4,2.5,1.6,,2791.2,680.6,2110.7,1399.7,677.7,711,1828.1,282.6,2757.9,230.6,449.9,420.8,391.6,324.4,263,226.1,202.2,158.1,91.2,33.3,19.7,13.6,,4292.5,1054.1,3238.4,2040.5,1129.2,1197.9,2735.6,502.8,4223.8,424.9,629.2,594.2,570.5,475.1,400.7,356.2,338.9,272,162.1,68.7,42.4,26.3,,468.8,121.1,347.7,213,125.1,134.8,284.6,63.1,459.1,50.7,70.4,64.9,60.2,48.4,39.5,36.2,35.4,32.1,21.3,9.6,6.8,2.9,,430.8,115.2,315.7,188.1,115.1,127.6,254.6,61.1,418.4,50.1,65,61.1,51,40,36,34.2,32.3,28.8,19.9,12.5,7.7,4.8,,1182.8,354,828.8,568.7,245.9,260.2,727.1,101.8,1168.5,131.8,222.2,195.3,160,115.7,97.7,82.4,76,55.1,32.4,14.3,9.5,4.8,,1319.6,331.5,988.1,644.9,325.2,343.1,846.5,141.6,1301.6,132.8,198.7,190.1,186.3,147.5,121,101.3,100.2,79.5,44.2,18,12.3,5.7
1982,180.8,41.7,139.1,98.4,39.5,40.7,123.7,15.4,179.6,13.7,28,29.7,28.8,23.4,16.5,13.4,12,8.8,5.4,1.2,0.9,,,46.6,11.3,35.2,22.6,11.2,12.6,29.5,5.8,45.1,4.8,6.5,6.5,6.4,5.6,4,3.7,3.2,2.5,1.8,1.4,0.8,0.6,321.1,76,245,161,79.6,84.1,209.9,35.2,316.5,27.7,48.2,48,44.6,38.1,30.2,26.3,22.6,19,11.7,4.5,2.8,1.7,,248.4,59.5,188.9,125.9,59.5,63.1,161.9,27.1,244.8,22.3,37.2,37.8,34.6,29.4,24.1,18.6,17.4,14.3,9.2,3.6,2.3,1.3,,2640.1,589.6,2050.5,1361.3,654,689.2,1779.4,271.1,2604.9,181.7,408,403.4,366.9,332.6,258.4,217.9,200.2,149.4,86.5,35.2,24.4,10.8,,4198.6,976.4,3222.2,2038.5,1114.4,1183.6,2717.1,505.1,4129.4,378.5,598,588,555.8,492.3,402.4,349,329.6,272.4,163.5,69.2,44.3,24.9,,460.3,114.6,345.8,214.4,120.9,131.4,284.1,61.7,449.9,45.6,69,63.4,60.3,47.8,42.9,35.5,34.2,31.1,20.1,10.4,6.3,4.2,,430,109.3,320.7,192.1,115.5,128.6,259,61.6,417,44.6,64.7,62.6,51,43.1,35.4,32.9,34,28.7,19.9,13,8.4,4.7,,1164.3,320.3,844,584.6,246.3,259.4,740.9,103.1,1151.2,113.2,207.1,200.4,158.8,123.2,102.2,83,73.3,56.7,33.2,13.2,8.4,4.7,,1253.4,279.6,973.8,644.3,311.3,329.5,837,136.8,1235.2,104.9,174.8,184.8,181.1,150,128.4,99,93.6,74.2,44.4,18.2,13.4,4.8
1983,180.8,41.6,139.2,98.4,39.5,40.8,123.9,15.2,179.5,14,27.6,28.4,27.8,23.8,18.4,13.6,11.9,8.7,5.3,1.3,0.9,,,48.8,11.7,37,23.7,12.1,13.3,30.9,6.2,47.5,5,6.8,6.8,6.4,6.2,4.3,4,3.2,2.9,2,1.3,0.7,0.5,324.8,75.5,249.3,165.2,79.2,84.2,215,34.4,319.8,25.7,49.8,49.2,44.3,40.6,31,26.7,23.2,17.8,11.6,5,2.9,2.1,,251.3,57.8,193.5,130.6,58.8,62.9,167,26.4,247.3,21,36.8,37.6,36.3,30,26.6,19.6,16.9,13.8,8.6,4,2.4,1.7,,2683.8,585.9,2097.9,1407.9,658.7,690.1,1823.4,274.6,2652.5,179.3,406.6,421.5,369.1,343.2,274.1,214,201.5,155.1,88.1,31.4,18.3,13.1,,4249,967.7,3281.3,2098.1,1117.9,1183.1,2787.7,493.6,4183.7,362.3,605.4,600.8,559.9,512.7,424.7,352.4,337.1,262.4,165.9,65.2,41.1,24.2,,468,112.3,355.6,221.7,123.4,133.9,292.7,62.9,457.5,42.9,69.5,66.6,60.8,51.9,42.4,35.8,35.3,31.7,20.7,10.5,6.4,4.1,,436.9,107,329.9,201,115.4,129,267.9,62.1,423.4,40.5,66.4,64.7,53.2,45.4,37.7,33.6,33.3,28.7,19.8,13.5,7.8,5.7,,1133.8,291.1,842.7,583.7,243.4,259,740.1,102.5,1118.2,97,194.1,195.8,157.9,128.7,101.2,82.8,73.6,54.7,32.3,15.5,10.2,5.4,,1244.9,262.6,982.3,645.8,319,336.5,844.4,137.9,1227.3,96.1,166.5,183.6,175.1,155.5,131.6,107.5,91.1,72.6,47.8,17.5,12.3,5.2
1984,179,38,141,99.3,40.3,41.7,126.3,14.7,177.6,12.7,25.4,27.3,28.2,25,18.8,14.8,12.2,8.2,5.1,1.4,0.9,,,49.5,12.1,37.3,24.6,11.5,12.7,31.8,5.5,48.3,4.8,7.3,6.7,6.8,6.5,4.7,3.5,3.7,2.6,1.7,1.2,0.7,0.5,339.8,78.5,261.3,174.5,81.8,86.8,225.7,35.6,334.9,27.3,51.2,50.8,46.9,41.9,34.9,27.4,23.8,17.8,12.8,5,2.9,2.1,,255.2,58.7,196.5,133.6,59.4,63,169.7,26.8,251.7,20.8,37.9,37.6,37,33.9,25.1,19.3,16.9,14.3,8.9,3.6,2,1.6,,2762.5,595,2167.5,1478.6,651.4,688.9,1892.9,274.5,2725,181.1,413.9,436.5,384.9,359,298.1,214,200.4,152.2,84.8,37.5,20.3,17.2,,4410.2,1005,3405.2,2205.9,1133,1199.3,2898.4,506.8,4343.9,363,642,628.8,586.9,541.4,448.8,356.8,335.7,264.2,176.3,66.3,42,24.3,,479.1,114.1,365,232,123.1,133,303,62,469.2,42,72,68.2,62.7,56,45.2,37.4,33.6,30.7,21.5,9.9,6.2,3.8,,443.2,106.6,336.6,208,115.1,128.6,274.3,62.4,429.6,40.3,66.3,64.7,56.8,46.8,39.7,34.1,32.1,28.5,20.3,13.6,8.1,5.5,,1138.1,274.1,864.1,598.6,250.8,265.5,758.4,105.6,1123.5,91,183.1,195.2,163.8,135.6,104,85.2,74.7,55.9,35,14.7,9.3,5.3,,1245,254.9,990.1,657.4,316.7,332.7,853.8,136.4,1229.1,90,164.9,179.9,176.3,161.2,140.1,103.7,92.7,75.9,44.5,15.9,10.7,5.2
1985,182.5,38,144.5,103,40,41.4,129.6,14.9,181,11.6,26.4,29,28.4,26.1,19.5,14.8,11.8,8.9,4.6,1.5,1,,,50.7,12.1,38.6,25.6,11.8,13,33,5.6,49.4,4.7,7.5,7.3,6.8,6.9,4.7,3.9,3.6,2.6,1.7,1.2,0.6,0.6,343.7,77.6,266,179.9,81.5,86.2,231.4,34.6,339,25.1,52.6,51.8,48.2,45.4,34.5,27.9,23.7,18.8,11.2,4.7,2.5,2.2,,262,58.7,203.2,139.2,60.4,64.1,176.3,26.9,258.3,20,38.7,38.4,37.9,35.5,27.2,19.7,17.4,14.1,9.1,3.7,2.2,1.5,,2848.5,597.2,2251.4,1553.7,661.9,697.7,1981.7,269.8,2812.8,183.8,413.4,451.7,406.2,383.8,312,232.5,195.4,152.1,81.9,35.8,22.3,13.5,,4576.6,1025.3,3551.3,2305,1178.2,1246.3,3027,524.3,4508.4,363.1,662.2,658.2,605.1,566.6,475,382.5,339.5,282.6,173.5,68.2,42.4,25.7,,486.9,113.5,373.4,242.2,121.1,131.2,315.1,58.3,476.8,40.2,73.3,71.8,64.8,58.4,47.2,37.7,35.2,28.7,19.5,10.1,6.1,4,,453.6,106.5,347.1,217.5,115.6,129.6,284.3,62.8,439.6,38.6,67.9,66.4,60.9,52,38.2,35,31.8,28.8,20,14,8.2,5.9,,1173.8,271.7,902.1,634,252.2,268.2,794.3,107.8,1157.9,90.5,181.2,202.3,177,147.6,107,86,74.4,57.6,34.2,16,9.2,6.8,,1279.7,259.1,1020.6,683.3,321.4,337.3,885.6,135,1263.8,92.6,166.6,184.5,183.8,180.4,134.7,110.5,91.8,79.1,40,15.9,10.7,5.2
1986,187.1,38.1,149,106.3,41.5,42.7,134.3,14.7,185.9,11.5,26.7,28.7,29.5,27.6,20.5,16.1,12,8.7,4.7,1.3,1,,,52.3,12.2,40,26.5,12.3,13.6,34.2,5.8,51,4.8,7.5,7.3,7.1,6.6,5.4,4,3.8,2.7,1.9,1.2,0.7,0.6,350.5,79.1,271.4,186.6,80.7,84.8,238.9,32.5,346.4,26.8,52.3,52.6,50.1,46.4,37.6,30,22.4,17.9,10.5,4.1,2.3,1.8,,271,57.6,213.3,147.4,62.5,66,187.6,25.7,267.5,19.2,38.5,40.5,40.2,37.8,28.9,22.1,18.1,14,8.2,3.4,2.1,1.4,,2933.5,598.6,2334.9,1631.5,673.9,703.4,2070.7,264.3,2904,183.5,415.1,466.4,432,385.3,347.9,234.4,204.7,153.3,81.4,29.5,19.2,10.3,,4733.9,1040.9,3693,2444.9,1183.2,1248.1,3170.2,522.8,4669,373.8,667,696.7,649.7,602,496.6,386.1,339.2,280.1,177.7,64.9,40.6,24.4,,500.7,117.1,383.6,252.3,121.1,131.3,325.3,58.3,490.4,43,74.1,72.6,69,62,48.6,36.7,36.3,30,18.1,10.3,5.8,4.4,,463.1,104.3,358.8,225.4,118.6,133.4,294.1,64.7,448.3,38.7,65.6,66.6,63.4,53.8,41.6,34.7,34,29.8,20.1,14.8,8.8,6.1,,1184.5,264.8,919.7,649.9,252.3,269.8,812,107.7,1167,93.4,171.5,198.3,182.6,156.1,112.9,86.7,75.5,57,33.2,17.5,11.1,6.4,,1331.8,270.6,1061.3,715.1,329.6,346.2,923.7,137.6,1315.2,101.2,169.4,193.9,190.4,180.9,149.9,108,100.7,77.2,43.7,16.6,10.9,5.8
1987,190.3,38.2,152.1,110.4,40.4,41.6,138.5,13.6,189,11.4,26.8,29.4,29.3,27.1,24.7,15.7,12.3,8.3,4.1,1.3,,,,53.4,11.9,41.5,27.7,12.6,13.8,35.8,5.7,52.2,4.6,7.2,7.4,7.2,7.2,5.9,4.2,3.9,2.7,1.9,1.1,0.6,0.6,359,78.8,280.2,195.2,80.6,84.9,248,32.2,354.7,26.7,52.1,54.1,52,50.1,39,28.4,24.3,18,9.9,4.3,2.6,1.6,,280.3,60.9,219.4,153.6,63.3,65.8,193.9,25.5,277.7,22.7,38.2,42,40.9,39.5,31.1,22.9,17.5,14.8,8.2,2.5,1.7,0.8,,3022.1,597.2,2424.9,1686.6,708.1,738.3,2151.4,273.5,2991.9,194.1,403.1,474.5,448.9,412.9,350.3,256,208.8,159.1,84.1,30.2,18.8,11.4,,4895.6,1059.4,3836.2,2548.9,1214.6,1287.2,3307.8,528.4,4823,392.2,667.2,726.3,666.4,612.4,543.8,423.4,335.4,285.3,170.5,72.6,47.3,25.4,,505.2,109.9,395.3,260.8,123.8,134.4,337.5,57.8,494.6,41.5,68.4,73.1,72.3,61.7,53.7,42.1,34.6,29.9,17.2,10.6,6.2,4.4,,461.9,98.2,363.7,232.6,115.9,131.1,300.1,63.7,446.8,37,61.2,68.3,65.2,54.5,44.6,35.6,31.8,29.2,19.2,15.2,8.5,6.7,,1187.7,250.5,937.2,663.6,257.6,273.6,828.4,108.8,1171.7,92.4,158.1,196.8,190.2,153.3,123.4,87.7,77.1,60.2,32.6,16,9.9,6,,1377.7,270.1,1107.5,749,341.6,358.5,969,138.5,1360.7,104.7,165.4,201,199.4,184.1,164.6,117.8,102.2,80.1,41.4,16.9,11.5,5.5
1988,199.7,39.4,160.4,115.6,43.5,44.7,145.5,14.8,198.5,13.4,26,30.5,30.2,29.3,25.7,17.3,12.6,9,4.6,1.3,0.8,,,54.6,11.7,42.9,28.5,13.2,14.4,37,5.8,53.4,4.7,7,7.5,7.4,7,6.5,4.8,3.8,3,1.7,1.2,0.7,0.5,373.7,78.5,295.2,205.2,85.8,90,261,34.2,369.5,27.2,51.3,56.6,54.5,48.7,45.4,31.8,24,19,10.9,4.2,2.3,1.9,,291,61.2,229.8,161.3,65.9,68.5,205.4,24.4,288.4,22.7,38.5,42.3,44.2,39.8,35.1,25.1,19,13.7,8.1,2.6,1.6,1,,3081.4,590.4,2491,1726.6,729.6,764.4,2215.3,275.6,3046.6,200.6,389.9,475.4,466.4,412.6,372.2,273.5,215.3,160.4,80.4,34.8,20.9,13.9,,5083.1,1056.2,4026.9,2689.3,1268.8,1337.6,3485.2,541.7,5014.4,409.2,647,766.2,695.5,639.7,587.9,429.9,366,294.8,178.2,68.8,45.1,23.6,,506.3,106.4,399.9,266.3,123.7,133.6,342.7,57.1,496.4,40.9,65.5,72.8,73,64.6,55.9,40.5,35.9,30.4,16.9,9.8,5.9,3.9,,462.8,93.2,369.6,238.6,116.2,131.1,306.5,63.2,448,36.5,56.7,68.2,67.8,54.9,47.7,37.1,30.7,27.8,20.5,14.8,8.3,6.6,,1222.3,248.7,973.6,687.5,266.7,286.1,861.6,112.1,1202.9,95,153.7,199,194.2,157.4,136.9,92.4,81.6,59.2,33.5,19.4,12.4,7,,1434.6,273.5,1161.1,788.7,354.8,372.4,1019.7,141.5,1417,109.4,164.1,201.3,207.5,192.4,187.5,131.2,99.8,81.3,42.6,17.6,11.7,6
1989,206.3,40.6,165.6,118.9,45.7,46.7,150.7,15,205.3,14,26.6,30.4,31.5,30.1,27,17.5,14.2,9.5,4.5,1,,,,55,11.5,43.5,29,13.2,14.4,37.6,5.9,53.8,4.9,6.6,7.4,7.7,7.4,6.5,4.8,3.7,3,1.6,1.2,0.7,0.6,381.6,78.4,303.2,212.4,86.6,90.8,270.6,32.6,377.4,29.3,49.1,57.8,56.1,51.2,47.3,32.4,25.8,17.9,10.4,4.2,2.6,1.6,,296.8,60,236.8,165.5,69.1,71.3,212,24.8,294.6,23.1,36.9,43.2,43.2,41.8,37.3,25.7,20.9,14.8,7.8,2.2,1.5,,,3128.7,572.8,2556,1767.6,750.2,788.4,2278.6,277.3,3090.5,201.6,371.2,474.2,474.9,427.3,391.2,301.2,209.8,165,74.1,38.2,20.8,17.4,,5199,1039.6,4159.4,2785,1299.7,1374.4,3616.6,542.8,5124.3,413.1,626.5,783.7,721.1,658.1,622,454.8,376.8,291.7,176.4,74.7,47.7,26.9,,512.7,104,408.6,271.4,126,137.2,350.4,58.3,501.4,41.7,62.4,73.9,71.9,65.9,59.8,45.7,33.3,30.1,16.9,11.2,6.6,4.6,,456.4,86.9,369.5,238.8,115.7,130.6,308,61.4,441.5,35,51.9,65.9,66.2,57.2,49.5,36.5,32.7,26.9,19.6,14.9,8.9,6,,1251.3,247.6,1003.7,704.2,279.8,299.6,888.6,115.1,1231.6,96.8,150.8,196.8,196.1,166.9,144.4,103.1,81.4,59.9,35.5,19.7,12.6,7.2,,1508.3,286.5,1221.8,829.4,376.4,392.4,1079.7,142.1,1492.3,115.7,170.9,213.7,219.7,204.8,191.2,141.2,109.2,82.7,43.3,16,11.8,4.3
1990,206.9,39.9,167,120.3,45.4,46.7,152.4,14.6,205.5,14.4,25.5,31.2,30.6,30.2,28.3,18.5,13.6,8.8,4.5,1.3,0.8,,,55.1,11,44.1,29.2,13.9,14.9,38.3,5.7,54,4.5,6.5,7.3,7.5,7.2,7.1,4.9,4.3,2.9,1.8,1,0.5,0.5,385.3,74.9,310.4,215.7,90.3,94.7,277.7,32.7,380.9,29.1,45.8,57.3,57,50.6,50.7,36.8,25.2,18.3,10,4.4,2.8,1.7,,300.3,57.6,242.7,170.2,70.1,72.5,218.2,24.5,297.9,22.3,35.3,45.3,43.6,41.2,40.1,27.7,20.3,14.2,7.9,2.3,1.4,0.9,,3140.3,540.8,2599.5,1804.6,762.6,794.8,2321.9,277.5,3108.1,197.2,343.6,472.3,484.8,440,407.6,305.1,212.2,159.3,86,32.3,22.4,9.8,,5194.1,977.3,4216.9,2822,1315,1394.8,3666.7,550.2,5114.3,392.5,584.8,772.2,733.2,667.7,648.9,479.9,364.7,293.2,177.2,79.8,49.2,30.7,,513.8,99.3,414.5,274.1,130,140.4,358.2,56.3,503.4,41.8,57.5,73.4,70.2,66.7,63.7,46.7,37.5,28.1,17.8,10.4,6.8,3.6,,454.2,82.3,371.9,240.1,117.4,131.7,311.3,60.6,439.8,34.7,47.6,62.9,66,61.1,50.2,39.2,31.9,26.8,19.5,14.3,8.6,5.7,,1276.8,240.8,1036.1,723,291,313,917.4,118.7,1254.9,96.9,143.9,191.2,201.8,178,152,111.4,83,60.1,36.5,22,12,10.1,,1559.7,281.5,1278.2,862.3,394.4,415.9,1131,147.2,1538.2,112.2,169.3,213.3,225.3,216.5,207.3,158.4,110.3,82,43.8,21.4,13.8,7.7
1991,204.7,37.9,166.8,118.1,47.6,48.7,153,13.8,203.6,12.8,25.1,28.8,30.1,31,28.1,21.8,13.2,8.4,4.2,1.1,,,,53.4,10.3,43.1,28.5,13.7,14.6,37.4,5.7,52.5,4.4,5.9,7,7.1,7.3,7.1,5.1,3.8,3.2,1.7,0.9,0.5,0.4,380.6,68.6,312,215.1,93.7,97,279.5,32.5,377.4,26.6,42,53.7,56.1,53.7,51.6,37.3,27.2,18.3,10.9,3.3,2.1,1.2,,295.2,53.6,241.6,167.3,71.5,74.3,217,24.5,292.4,21.6,32,41.9,43.5,42.5,39.3,29.4,20.4,14.2,7.5,2.8,1.9,0.9,,3084.4,496.4,2588,1760.4,798.7,827.6,2320.1,267.9,3055.5,184.4,311.9,429.8,475.1,443,412.4,328,231.7,156.4,82.6,28.9,20.2,8.7,,5017.1,876.8,4140.2,2764.7,1290.6,1375.6,3617.5,522.7,4932,347,529.8,723.8,731.8,657.1,651.9,485.6,367.2,277.6,160.1,85,51.3,33.7,,506.8,95,411.8,270.8,129.6,140.9,354.7,57.1,495.4,39.2,55.8,69.5,69.9,66.1,65.3,47.2,36.6,27.9,17.9,11.4,6.4,5,,453.3,80.3,373,239.8,117.6,133.3,311.7,61.3,437.7,35.2,45.1,59.3,64.9,59.5,56,40.5,31.5,27,18.6,15.7,8.7,7,,1284.4,239.8,1044.5,725.9,296,318.6,922.2,122.4,1261.8,93.3,146.6,182.1,203.5,177,163.3,116.1,80.2,63.8,36,22.6,13.1,9.6,,1577.4,276.6,1300.9,874.8,406.5,426.1,1154.2,146.7,1557.9,112.6,163.9,209.6,229.7,218.8,216.6,153.9,125.5,84,43.1,19.6,11.8,7.8
1992,194.9,34.9,160,110.3,48.2,49.7,146.1,13.9,193.4,11.7,23.2,26.8,27.7,28.5,27.3,21.9,14,8.6,3.8,1.5,0.8,,,53.7,9.9,43.8,28.2,14.6,15.7,38.1,5.8,52.7,4.2,5.7,6.4,7.3,6.9,7.5,5.9,4,3,1.7,1,0.6,0.4,368.9,64.7,304.2,209.1,91.4,95.1,275.1,29.1,365.2,23.4,41.2,50.5,56.3,52.3,50,39,26.9,17.1,8.3,3.6,1.9,1.7,,296.9,53.3,243.6,165.8,74.6,77.8,219,24.5,293.7,21.3,32.1,39.5,42.6,43.6,40.1,31.6,21.7,14.4,7,3.1,1.8,1.3,,3038.6,473.7,2564.8,1724.4,806,840.4,2299.6,265.3,3004.1,168.5,305.2,401.9,467.1,443.4,412,339,236.1,152.8,78,34.4,23.1,11.4,,4932.8,822.8,4110.1,2708.6,1324.4,1401.5,3605.8,504.2,4855.8,309.4,513.4,695.6,724.1,645.7,643.2,512.7,384.6,269.8,157.4,77,51.9,25.2,,499.9,91.4,408.5,266.3,132.5,142.2,355.4,53.1,490.2,36.7,54.7,64.7,69.7,66.2,65.7,50.5,38.5,26.5,17,9.7,6.2,3.4,,448,75.4,372.6,234.8,121.3,137.8,310.1,62.5,431.5,32.9,42.6,53.2,64.4,63.3,53.9,41.9,33.4,27.1,18.9,16.6,8.2,8.3,,1280,227.5,1052.5,716.5,313.5,336,929.1,123.3,1257.5,86.5,141,172.2,200.3,183.5,160.5,120.5,92.2,64.1,36.8,22.5,13.7,8.7,,1617.2,273.4,1343.8,892.2,432.6,451.6,1188.5,155.3,1598.2,108.1,165.3,210.6,229.2,228.2,224.2,171.8,124.4,87.2,49.1,19,14.2,4.8
1993,193.8,32.4,161.4,111,49.1,50.3,148.1,13.3,192.5,10.3,22.1,26.3,27.8,29,28,23.3,13.7,8,4.1,1.3,0.8,,,54.6,10,44.6,28.4,15.2,16.2,38.8,5.8,53.6,4.3,5.7,6.5,7.3,7.4,7.2,6.2,4.3,2.9,1.9,1,0.5,0.5,366.5,62.3,304.3,205.3,94.7,99,273.7,30.6,362.3,21.7,40.5,47.9,54.9,52.1,50.3,43.2,25.2,17.5,8.8,4.2,2.6,1.7,,299.9,53.1,246.7,166.2,77.5,80.5,223,23.7,296.9,20.4,32.6,38.8,42.7,43.1,41.6,34.5,22.3,13.8,7,3,1.8,1.2,,3031,454.8,2576.1,1721.8,824.5,854.3,2316.8,259.4,3001.1,163.2,291.6,388.7,462.9,445.7,424.5,335.5,259.4,155.1,74.5,29.8,20.7,9.1,,4938,790.5,4147.6,2711.2,1362.7,1436.4,3650.3,497.3,4864.3,295.9,494.6,654.9,735.7,672.4,648.3,533.4,405.7,260.2,163.3,73.7,46,27.7,,503.8,91.1,412.6,265.4,136.6,147.3,358.1,54.6,493.1,35.8,55.4,62.1,70.5,68.5,64.3,51.9,40.8,27.2,16.7,10.7,6.2,4.4,,448.5,76.5,372,231.7,123.5,140.4,310,62.1,431.7,33.2,43.3,49.8,62,64.6,55.2,45.8,32.5,26.5,18.7,16.9,8.4,8.5,,1288.7,224.1,1064.6,724.6,318.2,340,945.9,118.7,1267,88.4,135.7,165.1,199.2,198.1,162.3,125.7,95.6,61.9,35.1,21.7,13,8.8,,1668,277.5,1390.4,913.7,455.8,476.7,1234.6,155.8,1647,101.8,175.7,207,237.7,237.8,231.2,181.8,139,85.7,49.2,21,13.2,7.7
1994,193.5,32,161.6,108.8,51.4,52.7,147.6,14,192.2,10.2,21.7,24.6,26.2,27.5,30.5,24.4,14.3,8.9,3.8,1.3,0.8,,,55.7,10.4,45.3,29.2,15.2,16.1,40,5.3,54.9,4.5,6,6.6,7.6,7.4,7.6,6.6,4.2,3,1.6,0.8,0.5,0.3,372.6,61.3,311.4,205.9,101,105.5,278.7,32.7,368.1,22.6,38.7,46.7,55.7,51,52.5,44.2,28.7,19,9.2,4.5,2.7,1.8,,298.6,51.5,247.1,164.5,79.6,82.6,223.4,23.7,295.6,19.7,31.9,37.4,43.2,41.4,42.4,37.2,21.8,13.9,6.8,3,1.8,1.1,,3094.8,473.8,2621,1725.6,865.8,895.4,2353.8,267.2,3065.2,174.4,299.3,374.7,446.3,455.9,448.7,375.2,253,157.3,80.3,29.6,18.4,11.2,,5013.6,786.7,4226.9,2744.6,1400.2,1482.3,3721.8,505.1,4931.6,290.4,496.4,644.5,752.8,680.8,666.5,562,415.1,265.4,157.7,82,51.5,30.6,,507.7,90.4,417.2,265.3,141,151.9,362.3,54.9,496.8,35.8,54.6,59.1,70.6,73.4,62.2,58.2,38.8,26.7,17.4,10.8,6.6,4.2,,454.4,77.3,377.1,234.4,125.9,142.8,315.8,61.3,437.6,34.7,42.6,48.9,62.9,65.7,56.8,45.6,35.9,26.7,17.7,16.8,8.9,8,,1324.5,227.2,1097.3,741.3,334.9,356,975.6,121.7,1303.3,88,139.2,165.4,200.9,204.2,170.9,137.9,96.5,61.7,38.8,21.2,12.8,8.3,,1743.2,279.4,1463.9,940.9,494.4,523,1286.6,177.3,1714.6,106.2,173.2,205.9,247.9,254.7,232.4,205.5,140.1,97.6,51.1,28.6,18.4,10.2
1995,194.4,30.6,163.8,111,51.9,52.8,151,12.9,193.5,9.8,20.8,24.9,27.8,28.4,29.9,24.9,15.1,9,2.9,0.9,,,,57.2,10.6,46.6,29.4,16.3,17.2,41.2,5.4,56.3,4.4,6.2,6.2,7.7,7.8,7.7,7.2,4.6,2.8,1.7,0.9,0.6,0.3,375.9,62.3,313.6,206.9,102.7,106.8,281.6,32,371.8,22.8,39.5,44.7,55.6,54.6,52,44.6,30.1,19.6,8.4,4.1,2.3,1.8,,307.5,52.1,255.3,167.1,84.8,88.3,229.7,25.6,304,19.2,32.9,36.7,44.5,42.8,43,38.1,24.6,15.2,6.9,3.5,1.9,1.7,,3135.3,471.3,2664,1733.6,902.6,930.5,2402.5,261.5,3107.5,177,294.3,358.7,456.3,467.9,450.7,384.4,284.6,158.2,75.4,27.8,19.1,8.8,,5100,784,4316,2795.8,1438.4,1520.2,3810.9,505.1,5018.2,289.3,494.7,625.6,770,727.1,673.1,600.5,414.6,273.2,150.1,81.8,50.3,31.5,,516.5,92.1,424.5,271,143.6,153.4,372,52.4,506.7,36.6,55.5,58.4,71.7,72,68.9,57.9,43.1,26.8,15.7,9.9,5.9,4,,458,78.9,379.1,232.9,128.1,146.2,316.9,62.1,439.9,34.4,44.6,47,60.8,67,58,47.8,36.3,27.4,16.7,18.1,9.2,8.9,,1364.9,235.8,1129.1,752.3,352.1,376.8,1002,127.2,1340.2,93.1,142.7,164,199.7,204.9,183.7,141.4,108.3,65.3,37.2,24.7,15,9.7,,1785.6,279.3,1506.3,960.2,524.9,546.1,1333.5,172.9,1764.4,106.9,172.4,211.6,252.7,256.3,239.6,223.9,149.4,101.1,50.5,21.2,15.5,5.7
1996,188.8,29.5,159.3,105.6,52.2,53.6,146.4,12.8,187.4,9.5,20,23.3,26.9,25.7,29.8,24.9,15.9,8.5,2.9,1.4,0.8,,,58.8,10.9,47.9,30,17,18,42.3,5.7,57.9,4.6,6.2,6.8,7.6,7.7,7.9,7.5,4.8,3,1.7,0.9,0.6,0.4,376.8,61.1,315.6,205.9,105.4,109.8,283.7,32,372.4,21.3,39.8,44.8,53.8,54.6,52.6,46.6,31.2,18.2,9.4,4.4,2.5,1.9,,305.8,49.9,255.9,165.4,87.7,90.5,231.1,24.8,303.1,18.3,31.6,36.6,42.2,42.9,43.8,39.9,25.8,15.6,6.5,2.8,1.5,1.3,,3132.7,451,2681.7,1730,919,951.6,2410.7,271,3100.1,156.6,294.4,349.1,449.2,484.7,447.1,381.6,299.1,165.6,72.7,32.6,19.7,12.9,,5165.8,781.8,4384.1,2816.6,1488.8,1567.5,3872.6,511.4,5087.1,285.6,496.1,619.8,766.6,728.3,701.8,625,431.1,285.9,146.7,78.8,52.5,26.3,,517.7,91.1,426.6,270,147.2,156.6,375.1,51.5,508.2,36.7,54.4,57.6,69.6,74.6,68.2,61,44.1,27.7,14.4,9.4,5.1,4.3,,454.6,79.1,375.5,230.8,129,144.8,316,59.5,438.9,34.4,44.7,44.8,58.3,65.9,61.7,49.7,35.6,26.1,17.6,15.8,7.7,8,,1405.6,237.4,1168.2,770,371,398.2,1034.8,133.5,1378.4,93.9,143.5,166.5,198.1,210.5,194.9,150.9,113.8,68.8,37.4,27.2,15.5,11.7,,1813.4,270.2,1543.2,983.3,537,559.9,1363.4,179.8,1790.6,101.5,168.8,219,253.9,256.1,254.4,225.8,154.3,102.1,54.8,22.9,15.9,7
1997,189.6,26.1,163.5,107.1,55.2,56.4,150.1,13.4,188.5,7.2,18.9,23,27.3,28,28.7,25.5,17.4,9.4,2.9,,,,,58.6,10.6,48,29.5,17.6,18.5,42,6,57.7,4.2,6.4,6.5,7.4,7.9,7.7,7.2,5.3,3.4,1.7,0.9,0.5,0.4,382.3,58.5,323.8,207.6,111.6,116.2,290.9,33,377.7,20.2,38.2,45.1,52.3,53.2,57,48.5,34.7,19.6,8.7,4.6,3,1.6,,310,47.6,262.4,166.5,93.2,95.9,236.1,26.4,307.3,17,30.6,36.7,41.8,43.2,44.8,39.3,30.3,16.5,7.1,2.7,1.7,1.1,,3174.5,435.6,2739,1741.6,959.8,997.4,2450.6,288.4,3136.9,141.4,294.2,348.7,435.3,481.2,476.4,396.2,312.8,172.9,77.9,37.6,24.2,13.4,,5290.7,765.8,4524.9,2880.8,1559,1644.1,3990.6,534.4,5205.6,280.6,485.1,622,756.9,777,725,619.2,490.5,290.8,158.4,85.1,53.6,31.5,,524.9,90.9,434,270.9,153.2,163.1,381.5,52.5,514.9,36.4,54.5,58.8,67,72,73.2,62.7,48,27.5,15,10,5.9,4,,464.4,82.7,381.7,232.8,133,149,322.9,58.8,448.4,34.8,47.9,46.2,56.6,64.6,65.3,51.5,38.7,26.1,16.7,16,9.2,6.8,,1453.2,241.8,1211.4,789.3,396.4,422.1,1071.1,140.2,1427.5,94.6,147.2,172.2,197.3,216.9,202.9,165.8,116.1,75.1,39.4,25.7,15.5,10.2,,1859.9,270,1589.8,997.6,568.2,592.2,1404.2,185.7,1835.8,97.8,172.3,220.8,247.8,269.5,259.5,236,170.6,108.3,53.3,24.1,15.4,8.6
1998,193.7,26.2,167.5,106.6,59.4,60.9,152.7,14.8,192.2,8.3,17.9,22.1,26,28.2,30.4,26.3,19.8,9.7,3.5,1.5,,,,59.6,10.4,49.2,29.6,18.7,19.6,43.1,6.1,58.7,4.3,6.1,6.3,7.2,8.1,8,7.5,6,3.4,1.9,0.8,0.5,0.4,396,60,336,212.9,118.9,123.1,300.5,35.5,391.8,22.7,37.2,46.2,51.7,56.2,58.8,49.3,38.4,21.3,10,4.2,2.8,1.4,,316.2,50,266.1,166.1,97,100,238.6,27.6,313.1,18.8,31.3,36.7,40.6,46.4,42.4,39.6,32.9,17.3,7.2,3,2,1.1,,3257.7,460.8,2796.9,1749.7,1007.4,1047.2,2495.4,301.5,3217.9,152.8,308,353.1,428.3,472.5,495.8,416.9,328.8,182.1,79.6,39.8,27,12.8,,5453.9,789.4,4664.5,2953.5,1624.5,1711,4116,548.5,5367.4,296.9,492.5,639,746.7,805.8,762.1,643.3,519.1,309.7,152.4,86.5,52.4,34.1,,534.8,90.4,444.4,271.7,161.8,172.8,386.1,58.3,523.9,35.9,54.4,58.8,65,74.9,73,64.9,49.5,31.6,15.8,10.9,6.5,4.5,,468.7,80.6,388.1,231.3,140.9,156.8,325.4,62.7,452.8,33.9,46.7,47.4,52.7,65,66.2,53.4,40.7,28.3,18.4,15.9,8.9,7,,1508.9,258.7,1250.2,805,419.7,445.2,1101.3,148.8,1483.4,104.2,154.5,176.2,188.7,226.2,214,173,123.3,80.9,42.5,25.5,15.8,9.7,,1857.7,258.9,1598.8,986.6,582.8,612.1,1404.1,194.6,1828.3,92.8,166.1,215.3,242,270.1,259.3,237.9,179.6,109.9,55.3,29.4,17.2,12.2
1999,201.9,26.7,175.2,107.6,66.2,67.6,158.1,17.1,200.6,9,17.7,21.8,26.9,27.5,31.4,28.8,21.6,11.8,4,1.4,0.8,,,60.3,10.7,49.6,29.6,19,20,43.5,6.2,59.3,4.6,6.1,6.5,6.9,8.1,8,7.8,6.1,3.3,1.8,1,0.6,0.4,403.7,61.4,342.3,212,126,130.3,304.8,37.5,399.4,23.3,38.1,45,49.7,61,56.3,50,42.8,22.5,10.6,4.4,3,,,325.8,52,273.7,170.9,99.7,102.8,244.7,29,322.7,20.5,31.6,37,40.9,46.4,46.7,40.5,33.3,18.2,7.7,3,1.9,1.1,,3326.7,489.4,2837.2,1758.3,1047.2,1078.9,2532.6,304.5,3295,165.7,323.7,357.7,404.7,481.9,514,432,342.3,193.4,79.4,31.7,20.2,11.4,,5635.4,841.8,4793.6,2983,1722.5,1810.5,4203.8,589.8,5547.3,324.4,517.4,644.5,728.8,813,796.8,667.7,553.1,330,171.7,88.1,53.8,34.3,,541.8,92.9,448.9,270.4,167.5,178.6,389.2,59.7,530.7,38.1,54.8,58.8,62.7,76.8,72,64.9,54,32.6,16,11.1,6.6,4.5,,469.6,79.9,389.7,225.2,148.6,164.5,325.5,64.2,453.7,34.4,45.5,45.7,49.4,64.2,65.8,56.7,43.6,29.8,18.6,15.9,8.8,7.1,,1543.2,263.9,1279.3,809.7,441.7,469.6,1124.1,155.2,1515.3,105.2,158.8,177.4,185.6,226.2,220.5,179,135.4,85.2,42.1,28,15.9,12.1,,1893.7,273.4,1620.2,981.8,611.2,638.4,1416.8,203.4,1866.4,105.7,167.7,209.3,235.2,266.5,270.8,238.8,196.2,118.1,58.1,27.3,17.4,9.9
2000,198.8,27.3,171.5,104.9,65,66.6,155.7,15.8,197.2,9,18.3,22,24.6,27.7,30.7,28.7,22,10.7,3.6,1.6,1.1,,,62.8,11.1,51.7,30.5,20.4,21.2,45.1,6.6,61.9,4.9,6.2,6.4,7,8.4,8.7,7.6,7.1,3.7,2,0.9,0.6,0.3,411.7,63.6,348.1,211.8,131.5,136.3,308.5,39.6,406.8,23.2,40.3,46.1,48.8,57.2,59.6,49.3,47.5,24.2,10.5,4.9,3,1.9,,331.6,52.1,279.5,172.1,104.1,107.3,248.6,30.9,328.4,20.8,31.3,37.3,39.4,45.4,50,41.2,35.2,20.2,7.5,3.2,1.8,1.4,,3401.6,510.7,2890.8,1761.4,1101.5,1129.5,2563.8,327,3373.6,174.2,336.5,354.7,400.1,488,518.5,438.9,363.6,212,87,28,16.7,11.3,,5814.9,890.8,4924.1,3028.5,1806.9,1895.5,4309.8,614.3,5726.3,361.7,529.2,645.7,728.7,846.1,808.1,693,588.3,353.5,172.2,88.6,53,35.6,,552.2,96.3,455.8,270,174.1,185.8,393,62.8,540.4,39.8,56.5,58.1,62,74.3,75.7,69,54,34.9,16.2,11.7,6.9,4.8,,472.8,82.4,390.5,222.8,149.7,167.7,325.4,65,454.9,34.8,47.6,46.5,47.3,62.5,66.6,56.3,46.3,29.8,17.3,17.9,8.5,9.4,,1583.1,274.9,1308.2,812.7,467.9,495.6,1147.2,161,1555.5,109.1,165.8,180.2,186.4,212.8,233.3,186,148.5,87.8,45.7,27.6,16.9,10.7,,1930.7,278.2,1652.5,981.4,646.1,671.1,1436,216.5,1905.7,108.2,170,210.5,233.2,257.2,280.5,249.3,205.3,131.8,59.7,25,14.8,10.3
2001,203.7,28.4,175.3,105.1,69.4,70.1,157.6,17.7,203,9.6,18.8,21.1,25.6,27.9,30.6,28.9,23.6,12.5,4.4,,,,,63.8,10.8,52.9,30.3,21.4,22.6,45.4,7.5,62.6,4.7,6.2,6.2,6.9,8.5,8.8,7.6,7.5,4.4,1.9,1.2,0.7,0.4,415.4,64.3,351.2,209.4,137.1,141.8,309.1,42.1,410.7,24.8,39.5,45.2,47.5,57.5,59.2,53.2,46.5,26.8,10.5,4.7,2.5,2.2,,330,53.1,276.9,167.2,106.6,109.7,245.6,31.3,326.9,20.8,32.3,36.3,38.2,43.8,48.9,42,36.4,20.3,7.9,3.1,1.8,1.4,,3441.4,525.4,2916,1742.5,1140.4,1173.4,2576.4,339.5,3408.4,174.4,351,362.9,388,471.1,520.6,451.7,382.2,218.7,87.8,33,20.9,12.1,,5921.3,899.8,5021.6,3054.7,1873,1966.9,4374.5,647.1,5827.4,364.6,535.1,648.6,731.4,830.6,844,705.5,614.3,370.6,182.6,93.9,54.8,39.1,,549.9,95.8,454.1,263.9,179.4,190.1,390.6,63.5,539.2,40.8,55,56.3,58.9,72.9,75.8,68.2,58.5,35.2,17.6,10.7,6,4.8,,458.6,79.5,379.1,211.4,153,167.7,317.9,61.2,443.9,34,45.5,44.3,45.4,58.2,63.5,59.2,47.2,29.9,16.6,14.7,6.8,7.9,,1627.4,285.4,1342,813.3,502.5,528.7,1169.4,172.6,1601.2,114.6,170.8,181.6,186.2,213.5,232,197.6,158.5,95.3,51.1,26.2,16.9,9.3,,1920.9,278.2,1642.7,961.9,656.2,680.8,1426.8,215.9,1896.3,109,169.2,201,231.4,250.2,279.2,248.1,216.8,133.5,57.8,24.6,15.4,9.2
2002,206.5,29.9,176.6,102.1,73.2,74.5,156.4,20.2,205.3,11.6,18.3,19.5,24,28.5,30,29.5,24.8,14.6,4.4,1.2,,,,64.7,11.4,53.2,30.2,21.9,23.1,45.3,7.9,63.5,5,6.4,6.1,6.9,7.9,9.3,7.8,7.3,4.6,2.1,1.2,0.9,0.3,422.5,64.6,357.9,208.6,143.6,149.3,312.2,45.7,416.8,26,38.6,44.6,47.1,56.3,60.7,57.4,46.2,28.6,11.4,5.7,3.8,2,,341.9,55.1,286.8,168.8,114.2,118.1,250.6,36.2,338,22.4,32.7,36.7,38.5,44.5,49,44.6,37.3,22.9,9.4,3.9,2.6,1.3,,3564.3,552.4,3011.9,1761.2,1212.4,1250.7,2633.1,378.8,3526.1,189.8,362.6,371.2,391,465.7,533.3,479.9,392,236,104.5,38.2,25.8,12.5,,6034.1,916.8,5117.4,3044.5,1967.2,2072.9,4414.4,703,5928.5,370,546.9,639.8,719.8,809.3,875.6,755.4,614.5,399.3,198,105.7,59.7,46,,563.3,97.8,465.5,262.7,192.6,202.8,394.8,70.7,553.2,43.4,54.4,56.6,59.6,67.6,79,73,59.1,41,19.5,10.2,6,4.2,,467.7,81.7,386,210.4,161,175.6,320.4,65.6,453.1,35.5,46.2,45.1,45.2,55.1,65.1,61,48.9,33.2,17.9,14.6,7.6,7.1,,1673.8,291,1382.7,820.2,535.1,562.6,1192.2,190.6,1646.3,115.5,175.6,187.4,189.2,208.7,234.9,203.4,168.6,104.4,58.6,27.5,17.6,9.9,,1952.4,290.5,1662,948.2,682.1,713.8,1419.7,242.4,1920.8,112.6,177.8,198.8,225,240.5,283.9,249.6,221.8,143.3,67.4,31.6,19,12.6
2003,210.7,29.8,180.9,102.8,76.4,78.2,156.9,24,208.9,11,18.7,20.5,24.2,27.1,31,29.9,24.2,16.1,6.1,1.8,1.2,,,66.1,11.6,54.5,30,23.5,24.5,45.7,8.8,65,5.2,6.4,6.1,7,8,8.7,8.4,7.3,5.1,2.7,1,0.6,,431.3,69.4,362,206.8,149.9,155.2,311.7,50.2,426,27.6,41.8,42.8,48.4,52.2,63.3,57.8,47.2,31.6,13.3,5.3,3.5,1.8,,341.7,53,288.6,163.5,120.9,125.1,249.1,39.5,337.5,21.8,31.2,34.9,37.9,42.8,48,46.2,39.3,25.4,9.9,4.2,2.7,1.5,,3628.8,562.6,3066.2,1741.5,1278.1,1324.8,2638.8,427.4,3582.2,196.9,365.7,385.6,378.2,445.7,532,494.3,403,267.5,113.3,46.6,30.8,15.9,,6212.9,935.8,5277,3062.4,2097.2,2214.7,4484.9,792.2,6095.4,364,571.8,652.4,727.4,805.2,877.3,780.4,642,454.5,220.2,117.5,70.1,47.4,,566.5,98.1,468.4,258.1,198.8,210.4,392.3,76.1,554.9,42.3,55.8,56.7,58.6,68,74.8,72.3,61.9,43.8,20.7,11.6,6.5,5.1,,475.9,83.6,392.3,207.7,169.2,184.6,322.2,70,460.5,36,47.6,45.2,45.3,51.5,65.7,62.3,52.2,35,19.7,15.4,7.6,7.8,,1729,303.4,1425.6,831.3,560.7,594.3,1216.9,208.7,1695.4,122.7,180.6,192.7,194.2,205.4,239.2,215.7,169.9,116.1,59.1,33.5,21.4,12.1,,1998.1,294,1704.1,946,722,758.2,1431.5,272.6,1961.9,109.2,184.8,193,229.2,243.5,280.2,260.2,225.4,159.9,76.5,36.2,23.1,13.1
2004,213.2,29.8,183.4,100.8,80.6,82.7,156.7,26.8,211.1,11,18.8,18.8,23.9,28,30.1,29.2,26.7,17.9,6.7,2.1,1.5,,,66.6,10.8,55.8,30,24.7,25.8,45.8,10,65.4,4.8,6,6.2,7,7.2,9.5,8.9,7,5.8,2.9,1.2,0.8,0.4,441.7,69.9,371.8,204.6,161.5,167.3,314.6,57.2,436,27.2,42.7,41,47.1,49.6,66.9,60.9,49.1,35.1,16.4,5.7,3.5,2.3,,348.1,53.9,294.2,161.4,128.2,132.7,249.7,44.4,343.5,21,32.9,35.6,37.4,40.5,47.9,48.5,39.7,27.6,12.3,4.5,2.7,1.8,,3675.8,550.7,3125.1,1745.4,1329.7,1379.8,2665.3,459.8,3625.8,189.8,360.9,395.3,389.1,448.8,512.2,503.7,416.3,278.4,131.4,50,32.9,17.1,,6314.3,949.7,5364.6,3065.1,2178.6,2299.5,4529,835.5,6193.4,370.4,579.2,644.5,729.7,783.9,907,806.2,657.7,475.1,239.6,120.8,74.9,45.9,,572.6,96.1,476.6,257.7,207,218.9,396.4,80.2,560.7,39.9,56.1,57.3,58.8,66.1,75.5,74.8,63.9,45.4,22.9,11.9,7.1,4.8,,479.8,84.5,395.3,205.3,173.8,190,322.7,72.6,463.6,34.7,49.8,46.1,44.5,50.1,64.6,65.4,52,36.7,19.8,16.2,7.5,8.7,,1774.8,311.4,1463.4,829,597.5,634.4,1234.8,228.7,1737.9,124.5,186.9,194,195.9,195.9,243.3,230.9,174.8,127.4,64.5,36.9,22.6,14.3,,2028.3,298.4,1729.9,954.3,739.8,775.6,1455.7,274.2,1992.5,108.7,189.8,203.2,229.2,241.1,280.8,263.3,238.1,162,76.4,35.8,24,11.8
2005,212.3,28.8,183.6,100.4,81,83.2,156.3,27.3,210,10.4,18.3,19.9,23,28,29.4,30.1,25.8,18,7,2.3,1.3,1,,67.7,11,56.7,29.7,25.4,27,45.9,10.8,66,4.9,6.1,6.3,7,7.3,9,8.2,8,6.3,2.8,1.6,1,0.7,442.1,68.9,373.2,200.1,166.3,173,312.2,61,435.4,26.5,42.4,42,46.4,49.8,62,59.7,52.4,37.8,16.4,6.7,4.9,1.8,,346.5,53.1,293.4,159.6,129.6,133.9,248,45.4,342.3,21.4,31.6,35.1,38,37.8,48.7,48.2,40.2,29.5,11.6,4.2,3,1.2,,3705.5,548.4,3157.1,1725,1377.4,1432,2674.4,482.6,3650.8,193,355.5,399.8,386.6,436,502.6,521.1,428.3,289.5,138.4,54.7,36.8,17.9,,6381,944.6,5436.4,3069.4,2236.5,2367,4550.7,885.7,6250.5,363,581.6,657,716.8,768.2,927.4,800.3,681,499.4,255.9,130.5,84,46.5,,576.5,97.9,478.6,252.8,212.8,225.8,393.4,85.1,563.5,41.4,56.5,56.1,58,63.8,74.9,76.6,64.1,48.6,23.6,13,7.1,6,,481.8,84.5,397.2,202.3,177.4,194.9,320.6,76.7,464.3,35.4,49.1,46.6,44.6,48,63.1,61.6,56.6,39,20.1,17.5,9.2,8.3,,1820.4,320.2,1500.2,842.2,622.5,658,1261.4,238.8,1784.9,127.1,193,201.4,203.3,199,238.5,238.3,180.9,134.9,68.3,35.5,23,12.5,,2089.7,322.9,1766.8,947.4,777,819.3,1458.2,308.6,2047.4,122.1,200.8,206.4,221.1,237.5,282.4,271.9,238.8,181.7,84.6,42.3,25.5,16.8
2006,214.4,27.7,186.8,100,84.8,86.8,157.3,29.5,212.5,10.6,17.1,19.6,22.7,27.7,30,30.2,27.2,18.7,8.8,1.9,1.3,0.7,,68,11.4,56.7,28.8,26.1,27.8,45.7,10.9,66.3,4.7,6.7,6.2,6.6,7,9,8.5,8.5,6.2,3,1.7,1.1,0.6,441,69.8,371.2,195.8,168.4,175.4,307.5,63.7,434,27.5,42.4,41.7,44.8,48.2,61.1,58.6,53.2,38.6,18.1,7,4.8,2.2,,350.4,53.5,297,159,133.4,137.9,248.4,48.6,345.9,21.4,32.1,34.6,38.1,40.8,45.5,47,42.3,30.8,13.1,4.6,3,1.5,,3743.1,550.9,3192.2,1724.1,1410,1468,2688.2,504,3685.1,198.7,352.2,416.6,388.8,425.3,493.4,529.1,435,303,143,58,42.1,15.9,,6452.3,962.7,5489.6,3019.6,2340.4,2470,4564.4,925.2,6322.8,366.8,596,661.6,698.9,780.9,878.1,832.4,712.3,522.8,272.9,129.6,83.2,46.4,,583.2,101.3,481.9,248.9,218.5,233,392.1,89.9,568.7,42.8,58.5,57.1,57,63.7,71.1,74.4,68.7,50.1,25.3,14.5,7.9,6.6,,491,87.8,403.1,201.3,183.7,201.9,322,81.1,472.9,37.8,50.1,48.4,45.6,47,60.3,65.1,55.7,40.6,22.5,18.1,9.3,8.8,,1911.6,341.7,1569.9,871.5,659.8,698.4,1312.2,257.7,1873,136.7,205,215.2,207.9,215.2,233.2,231.6,209.2,144.7,74.4,38.6,25.1,13.5,,2140.8,336.8,1804,954.4,805.9,849.6,1480,324,2097.1,125.4,211.4,211.6,216.9,236.8,289.2,279.2,246.3,189.4,91,43.7,27,16.8
2007,217,28.2,188.8,99.7,86.2,89.2,157.3,31.5,214.1,11.5,16.7,20.5,22.7,27.5,28.9,30.1,27.6,19.2,9.4,3,1.9,1.1,,68.4,11.4,57,28.6,26.6,28.4,45.2,11.8,66.6,5.3,6.1,6.2,6.6,7.2,8.6,9.2,7.4,6.5,3.5,1.8,1.2,0.7,447.3,70.1,377.2,192.9,175.6,184.3,309,68.2,438.5,27.9,42.1,41.2,44.7,48,59,61.8,54.4,39.2,20.2,8.8,5.3,3.4,,357.6,54,303.6,157.5,139.7,146.1,248.6,55,351.2,22.7,31.3,34,37.2,39.1,47.3,47,44.1,32.6,16,6.4,4.1,2.3,,3839.2,563.6,3275.6,1738.1,1473.6,1537.4,2734.2,541.3,3775.3,217.2,346.4,422.5,409.3,403.5,502.8,525.7,470.4,324.8,152.7,63.9,43.9,19.9,,6545.5,985,5560.5,2997.1,2420.5,2563.4,4578.2,982.2,6402.6,388.8,596.2,664.6,698.9,744.3,889.3,829.8,751.4,536.6,302.8,142.9,91.2,51.7,,592.4,103.4,489,250.5,223.9,238.6,396.4,92.7,577.8,43.6,59.9,58,58.8,64.3,69.4,76.3,69.6,51,27,14.7,8.9,5.8,,504.9,90.3,414.5,203.1,193.1,211.4,329.3,85.2,486.6,37.6,52.8,50.1,46.3,47.6,59.2,65.8,60.4,42.6,24.3,18.3,9.8,8.6,,1991,348.6,1642.4,899.3,696.5,743,1360.2,282.1,1944.4,132.2,216.4,228.5,219.1,219.7,231.9,241.8,219.2,147.7,87.9,46.5,31.2,15.3,,2206,349.6,1856.4,963.4,845.3,893,1506.4,350,2158.3,137.2,212.4,218.1,225.5,249.1,270.7,287.4,255.6,194,108.3,47.7,30.6,17.1
2008,221.1,29.1,192,98.6,89.6,93.4,157.7,34.4,217.4,11.7,17.4,20.4,22.4,25,30.9,29.4,29.6,20.1,10.5,3.8,2.9,0.8,,69,11.1,57.9,28.2,27.9,29.7,45.3,12.6,67.2,5,6.1,6.3,6.6,7.2,8.2,8.6,8.6,6.7,4.1,1.8,1.2,0.6,451.7,70,381.7,190.3,181,191.4,307.2,74.4,441.2,28.3,41.6,42.1,43,46.4,58.7,63.4,53.6,41.3,22.8,10.4,7.4,3,,360.7,54.1,306.6,154.9,145.2,151.7,247.8,58.8,354.2,23.8,30.3,33.9,36.2,40.2,44.5,47.3,45.6,34.5,17.8,6.5,4,2.6,,3882.7,583.9,3298.9,1725.8,1501.8,1573,2735,563.9,3811.5,240.9,343,420.6,420.1,406.5,478.7,524.1,485.1,326.7,166,71.2,51.5,19.7,,6610.3,973.3,5637,2968.5,2496.2,2668.5,4595.3,1041.6,6438,377.2,596.2,675.4,690.5,745.1,857.5,878.2,748.7,549,320.3,172.3,107.6,64.7,,601.6,103.2,498.4,249,231.6,249.4,400.3,98.1,583.8,42.8,60.4,60.2,57.6,63.1,68.1,78.7,72.6,51.6,28.7,17.8,10.6,7.1,,517.5,92.4,425.1,205.3,200.2,219.8,334.3,90.8,497.9,38.5,53.9,52.5,49.5,50.2,53.2,65.6,63.4,45.3,26,19.6,11.2,8.4,,2053.9,356,1697.9,914.6,729.6,783.3,1392.8,305,2000.2,135.2,220.7,243.7,223.2,225.6,222.1,246.9,231.4,157.5,93.8,53.7,34.7,19,,2241.9,348.1,1893.8,968.1,867.5,925.6,1527,366.8,2183.7,135.1,213,233.3,220.1,240.5,274.2,296.3,262.5,199.4,109.3,58.2,38.1,20
2009,215.1,27.8,187.3,97.6,86.9,89.8,155.1,32.2,212.3,10.7,17.2,20.1,22.9,25,29.6,30.9,26.6,19.7,9.7,2.8,2.3,,,68.1,10.5,57.6,27.5,28,30,44.9,12.7,66.1,4.5,6,6.1,6.3,7.4,7.8,8.9,8.5,6.6,4.1,2,1.3,0.8,449.5,65.8,383.7,184.6,186.5,199.1,302.4,81.3,436.9,25.4,40.4,41.3,42.5,47,53.8,60.6,57.2,43.3,25.4,12.6,8.6,4.1,,360,51.6,308.4,153.5,146.6,154.8,247.3,61,351.8,20.9,30.7,34.5,36.6,40.2,42.2,49.8,44,34.2,18.6,8.2,5.6,2.6,,3854.2,556.9,3297.2,1695.8,1523.6,1601.4,2702.6,594.7,3776.4,224.5,332.4,413.2,423.3,393,466.3,512.6,494.2,334.4,182.4,77.8,52.5,25.3,,6432.7,904.4,5528.4,2831.6,2517.4,2696.7,4461.9,1066.5,6253.4,336.8,567.6,669.9,658.4,708.3,795,858.1,772.1,547.1,340.1,179.3,116.8,62.4,,600.5,99.9,500.6,246,235.1,254.6,395.1,105.5,581,39.4,60.5,60.6,59.4,61.4,64.6,75.8,73.3,54.6,31.4,19.5,12.4,7.1,,525.8,88.8,437,209.7,206.8,227.3,339.1,97.9,505.2,36.8,52,55.2,51,52.1,51.3,66.4,63.1,47.8,29.6,20.5,11.6,8.9,,2029.7,326.5,1703.2,910,736.4,793.2,1384.9,318.2,1972.9,119.3,207.2,246.1,224.3,211.4,228.2,251.6,223.4,161.1,100.4,56.8,36.9,19.9,,2191.9,314.7,1877.2,945.4,872.3,931.9,1492.1,385.1,2132.4,112.8,201.9,230.8,226.2,234.3,254,285.5,261.3,201.6,123.9,59.6,42.2,17.3
2010,222.8,28.4,194.4,98.2,92.2,96.3,157.5,37,218.8,10,18.4,21.2,22.2,24.4,30.3,31.7,27.6,21.2,11.7,4.1,3,1,,69.7,10.8,58.9,27.3,29.1,31.6,45.1,13.9,67.2,4.6,6.2,6,6.4,7.4,7.6,9,8.7,6.9,4.5,2.5,1.6,0.9,451.3,66.1,385.2,181.5,190.6,203.7,300.2,85,438.2,25.2,40.9,42,43,47.4,49.1,61.7,57,44.8,27,13.1,9,4.1,,358.1,48,310.1,148.7,151.6,161.4,244.3,65.8,348.4,18.8,29.2,34,34.8,38.4,41.5,49.4,46.2,35,21,9.7,6.6,3.1,,3937.9,580.4,3357.4,1699.8,1567.4,1657.7,2724.3,633.2,3847.6,230,350.5,418.7,434.1,397.3,449.7,527.9,496.6,350.5,192.4,90.3,61.9,28.4,,6537.8,895.5,5642.4,2845,2597,2797.4,4497.4,1145,6337.4,322.9,572.6,676.8,679.4,713.1,775.7,868,784.4,581.3,363.3,200.4,131.2,69.2,,609,96.8,512.2,249.2,242.4,263,400.2,112.1,588.4,37.9,58.8,62.1,60.5,63.9,62.7,78.3,72.6,56.6,34.9,20.6,13,7.5,,531,86,445,211.1,213,233.9,341.5,103.5,510,33.5,52.4,57.3,53.1,48.6,52.2,64.3,66,51.7,31,20.9,12,9,,2023.7,315.8,1707.9,915.6,736.6,792.3,1387.7,320.2,1967.9,110.2,205.6,251.8,226.4,216.1,221.3,246.7,225.4,165.5,99,55.7,35.4,20.4,,2223,310.8,1912.3,952.6,890.3,959.7,1504.3,407.9,2153.7,111,199.8,241.9,223.9,230.4,256.3,285.2,266.5,210.2,128.4,69.4,47.4,21.9
2011,231.9,28.9,203,101.6,96.8,101.5,161.9,41.1,227.2,10.2,18.7,22.5,23.7,25.3,30.1,29.7,30.6,22.6,13.9,4.7,3.6,1.1,,71.8,11.5,60.4,28,29.6,32.4,45.6,14.7,69.1,4.7,6.8,6.2,6.6,7.4,7.8,9.1,8.6,7.3,4.7,2.8,1.9,0.8,453,64.2,388.8,182.8,192.1,206,301.6,87.1,439.1,23.1,41.1,41,43.9,47.4,50.5,61.2,57.6,44.5,28.7,13.9,9.2,4.6,,355.5,47.9,307.7,147.9,149.1,159.8,240.7,67,344.9,18.4,29.5,33.4,35,37.9,41.7,48.1,44.7,35.2,21.2,10.6,7.1,3.5,,3975.6,576.6,3399,1722.3,1578.6,1676.7,2735.9,663.1,3877.5,218.6,358,407.2,459,417.3,438.9,502.3,511.2,366.7,198.4,98.1,62.8,35.3,,6658.4,929.3,5729,2848.7,2666.6,2880.3,4538.9,1190.1,6444.7,331.9,597.5,681.7,684.9,695.2,786.9,874.6,815.5,601.3,375.1,213.7,136.9,76.8,,611.7,97.5,514.2,251.9,241.1,262.3,399.9,114.3,590.5,36.7,60.7,62.8,62.6,63.6,63,73.8,74.2,56.7,36.4,21.2,13.5,7.8,,535.8,85.1,450.8,216.1,212.7,234.7,344.1,106.7,513.9,33,52.1,59.8,54.4,49,52.9,65.2,62.9,52.1,32.6,22,12.5,9.4,,2099.5,321,1778.6,947.7,763.6,830.9,1426.7,351.8,2032.2,115.6,205.3,255.3,243.7,223.3,225.4,240.3,238.8,177,107.5,67.3,43.5,23.8,,2227.8,307.7,1920.1,951.8,896.6,968.3,1502.9,417.2,2156.1,107.8,199.8,236.3,234.8,231.7,249,281.6,269.4,214.4,131.2,71.7,48.7,22.9
2012,240.8,30.8,210,102.1,101.4,107.9,164.6,45.3,234.4,11.6,19.2,22.7,24.4,24.5,30.5,31.5,31,24.2,14.7,6.4,5,1.4,,73.1,10.8,62.2,28.4,31,33.8,46.6,15.6,70.2,4.6,6.3,6.4,6.7,7.5,7.9,8.2,10,7.6,5.2,2.8,2,0.8,457.6,62.7,394.8,181.4,195.4,213.4,299.5,95.4,439.5,22.9,39.8,41.4,44.4,46.4,49.1,58.5,59.5,48.4,28.9,18.1,12.3,5.7,,353.1,46.2,307,145.7,150.1,161.2,236.9,70.1,342,16.8,29.4,32.3,34.2,38.3,40.9,44.8,46.4,37.4,21.5,11.1,7.9,3.2,,4005.9,577.5,3428.4,1735.6,1590.3,1692.8,2744.5,683.9,3903.4,208.3,369.3,411.3,460.4,435.1,428.7,477.8,531.2,379.5,201.9,102.5,64,38.5,,6702.6,900.6,5802,2884.5,2680.3,2917.5,4553.2,1248.7,6465.4,306.5,594.1,703.7,694.9,718.6,767.4,828.2,840.6,624.9,386.7,237.2,151.4,85.7,,621.7,99.5,522.1,256.8,244,265.4,404.3,117.8,600.2,37.1,62.4,65.5,64.4,62.3,64.5,73.6,74,59.8,36.6,21.4,13.6,7.8,,548.4,87,461.5,224.4,212.9,237.1,349.2,112.2,524.3,32.3,54.7,60.9,57.6,53.2,52.8,59.7,65.2,54.3,33.8,24.2,14.6,9.5,,2172.5,321,1851.5,991.4,785.8,860,1473.3,378.2,2098.2,111.7,209.4,265.1,258.6,227.8,239.9,236.6,245.3,192.1,111.8,74.2,47.3,27,,2262.5,304.2,1958.3,966.8,909.1,991.5,1516.1,442.3,2180.1,105.2,198.9,237.1,239.6,230.3,259.9,275.1,274.2,224.6,135.3,82.4,53.7,28.7
2013,242.7,30.2,212.5,102.6,102.5,109.9,165,47.5,235.4,9.9,20.4,23.1,24.6,25.7,29.2,32.6,29.8,24.4,15.8,7.3,5.7,1.6,,74.1,10.9,63.2,27.9,31.6,35.3,45.8,17.4,70.3,4.5,6.4,6.1,6.7,7.3,7.7,8.9,9,8.1,5.6,3.8,2.6,1.2,452.6,61.2,391.5,181.3,193,210.1,295.2,96.2,435.5,20.4,40.8,41.7,44.4,44.9,50.2,53.9,60,49.3,29.8,17.1,10.8,6.3,,354.6,45.3,309.2,144,152.7,165.2,235.3,73.9,342,16.8,28.5,31.3,33.9,36.8,42.1,43.7,47.5,37.8,23.6,12.5,8.2,4.3,,4060.8,578.6,3482.1,1754,1611.1,1728.2,2741.9,740.2,3943.7,200.5,378.2,406.3,460.8,445.6,441.3,453,534.9,408.4,214.8,117,77.6,39.5,,6823.4,930.3,5893.1,2913.6,2720.5,2979.5,4591.1,1302.1,6564.4,313.2,617.2,693.4,720.9,717.7,781.6,803.6,873.8,638.8,404.2,259.1,171.5,87.6,,625.8,100.1,525.7,257.7,242.5,268,402.3,123.4,600.3,36.6,63.5,65.5,65,61,66.3,71.4,73.2,60.4,37.4,25.5,16.1,9.4,,565.3,89,476.3,232.6,217.1,243.8,357.2,119.2,538.7,33.5,55.5,63,61,54.7,54,58.4,66.2,56.5,36,26.6,16.5,10.2,,2226.2,324.1,1902.1,1027.2,796.2,875,1504.6,397.5,2147.4,111.8,212.3,270.6,274.3,243.7,238.5,238.4,239.1,194.7,124.1,78.7,50.7,28,,2265.6,307,1958.5,970.9,901.8,987.6,1507.4,451.1,2179.8,102.6,204.5,236.3,249.1,227.2,258.3,259.4,277.1,224.4,140.9,85.8,57.8,28.1
2014,238.6,29.3,209.3,100.7,100.1,108.7,161.6,47.7,230,9.8,19.5,23.1,24.4,25.7,27.5,30.7,30.3,24.2,15,8.6,6.3,2.3,,74,10.8,63.2,28.1,31.5,35.1,46.1,17.2,70.4,4.3,6.6,6.2,6.8,6.9,8.1,7.9,10,8.2,5.3,3.6,2.3,1.3,447.6,60.6,387,179.6,190.2,207.4,290.8,96.2,430.3,20.8,39.8,43.9,44,41.6,50,52.7,58.6,48.3,30.6,17.3,11.8,5.5,,353.9,45.6,308.2,142.6,152,165.7,231.1,77.2,340.2,16.4,29.2,30.9,34.4,34.2,43.1,39.9,48.6,39.2,24.4,13.7,9.7,4,,4059.7,573.4,3486.4,1741.1,1614.4,1745.3,2712.3,774,3928.8,194.1,379.3,397.7,454.7,461.5,427.2,449.5,521.7,405.5,237.7,130.9,86.5,44.4,,6877.9,944.3,5933.6,2909.6,2738.5,3024.1,4563,1370.6,6592.4,315.9,628.4,714.8,723.8,709.7,761.2,788,865.4,670.5,414.6,285.5,184.3,101.3,,626.4,98.8,527.7,263.9,240.4,263.7,406.2,121.5,603.1,34.6,64.2,67.7,66.4,63.4,66.5,65.5,76.8,59.9,38.2,23.3,15.5,7.9,,570.9,85.8,485.2,242.7,213.1,242.5,363,122.2,541.6,31,54.7,67,63.7,57.2,54.8,55,65.3,56,36.8,29.3,16.5,12.8,,2274.6,320.4,1954.2,1064.4,807.4,889.9,1543.3,410.9,2192.1,109.7,210.7,271.1,291.6,258.7,242.9,228.4,250.6,204.1,124.3,82.4,54.2,28.2,,2278.4,316.6,1961.9,976.4,897.5,985.4,1508.8,453,2190.4,106.9,209.6,234.5,253.5,231.6,256.8,253.2,279.3,225.3,139.7,88,59.8,28.2
2015,236.2,30.7,205.4,96.9,100.6,108.5,157,48.4,228.2,11,19.7,21.6,23.9,24.4,27,29.9,30.2,24,16.4,8,5.7,2.3,,73.2,10.7,62.5,27.4,31,35.1,45.6,16.9,69.1,4,6.7,6.2,6.7,6.7,7.8,8,10.1,7.9,4.9,4.1,2.6,1.4,448.2,61.9,386.3,182.4,184.9,203.8,289.7,96.6,429.3,21.5,40.3,44.4,43.9,43.9,50.2,49.9,57.3,47.7,30,18.9,13.4,5.5,,351.8,44.3,307.5,142,151.4,165.4,229.2,78.2,337.8,16.6,27.8,31.2,34,35.6,41.3,40.1,47.1,40.3,23.9,14,9.1,4.9,,4097,569,3528,1770.5,1632.8,1757.5,2734.4,793.6,3972.3,190.4,378.6,404.6,457.2,476.6,432.2,440,523.9,423.3,245.6,124.7,81.5,43.2,,6923.2,936.2,5986.9,2931.8,2758.1,3055.1,4573.4,1413.5,6626.2,308.3,627.9,731.8,736.2,712.6,751.2,790,851.6,683,433.6,297,191.6,105.3,,636.2,96,540.2,269.6,243,270.6,409,131.2,608.6,34.5,61.5,68.9,69.1,64.7,66.9,63.8,75.6,62.6,40.9,27.6,17.7,9.9,,573.7,84.1,489.5,249.6,212.1,240,368,121.5,545.8,31.2,53,67,65.9,60.2,56.4,53.1,65.3,55.9,37.8,27.9,17.5,10.4,,2301.1,320.3,1980.8,1078,812.8,902.8,1551.7,429.1,2211.1,108,212.3,274.5,296.1,255.4,252,233.4,240.3,208.2,130.9,90,58.8,31.2,,2306.2,318.3,1987.9,978.4,915.3,1009.5,1514.4,473.4,2212,105.6,212.7,236,258.2,244.3,239.9,255.4,280.7,232.4,146.8,94.2,64.7,29.5
2016,232.6,29.5,203.1,95.5,99.4,107.7,155,48.2,224.4,10.4,19,21.5,23.2,24.6,26.2,30,29.5,24.1,15.8,8.3,6.2,2.1,,71.5,10.4,61.1,26.7,30.3,34.4,44.3,16.8,67.5,4,6.5,6.6,6.4,6,7.7,8.6,8.9,7.7,5.1,4,2.4,1.6,446.2,59.1,387.1,179.6,186.8,207.6,284.3,102.8,425.4,19.3,39.8,45,43.4,44.4,46.8,46.8,58,50.1,32,20.8,14,6.8,,351.5,44.9,306.6,140.3,151.9,166.4,227.6,79,337,17.3,27.6,30.6,34.3,35.9,39.5,41,46.3,39.5,25,14.5,10.1,4.4,,4133.1,550.3,3582.9,1813.2,1630.4,1769.7,2759.1,823.8,3993.8,174.8,375.4,427.4,458.2,484.3,443.2,449.7,496.2,435.3,249.2,139.3,89.3,50,,6999.6,925.9,6073.6,2980.6,2788.3,3093.1,4598.7,1474.9,6694.8,305.8,620.2,759.5,748.2,725.6,747.3,761,857.2,721,449.1,304.8,201,103.8,,633.6,94.1,539.4,270.6,239.7,268.8,407.5,131.9,604.5,33.4,60.8,68.1,70.3,64.9,67.4,66.3,70.6,62.9,40,29.1,17.5,11.6,,568.5,79.7,488.7,250.8,208.7,237.9,365,123.8,539.3,28.5,51.2,66.8,67.6,61.2,55.3,53.7,60.4,55.6,38.9,29.2,18.4,10.8,,2263.8,303.2,1960.6,1083.6,788.8,877,1536,424.6,2175.7,102,201.2,268.4,300.5,275,239.7,222.6,229.8,204.8,131.6,88.1,54.2,34,,2379.5,332,2047.5,993.7,944.9,1053.8,1524.6,522.9,2270.6,110.8,221.2,239.9,261.2,234.2,258.3,252.7,278.2,246.9,167.1,108.9,70.6,38.4
